{"Oslo": [59.91273, 10.74609], "Farris bad": [59.05704, 10.04542], "Larvik": [59.05328, 10.03517], "trondheim": [63.43049, 10.39506]}