{"oslo": [59.91273, 10.74609], "bergen": [60.39299, 5.32415], "stavanger": [58.97005, 5.73332]}